"","No","Date","Flow","SpC","Lat","Long","Drain"
"1","01636846",2016-10-01,3.44,,39.3376111,-77.6264722,4.55
"2","01636846",2016-10-02,1.89,,39.3376111,-77.6264722,4.55
"3","01636846",2016-10-03,1.5,,39.3376111,-77.6264722,4.55
"4","01636846",2016-10-04,1.33,,39.3376111,-77.6264722,4.55
"5","01636846",2016-10-05,1.25,,39.3376111,-77.6264722,4.55
"6","01636846",2016-10-06,1.23,,39.3376111,-77.6264722,4.55
"7","01636846",2016-10-07,1.21,,39.3376111,-77.6264722,4.55
"8","01636846",2016-10-08,1.51,,39.3376111,-77.6264722,4.55
"9","01636846",2016-10-09,1.27,,39.3376111,-77.6264722,4.55
"10","01636846",2016-10-10,1.03,,39.3376111,-77.6264722,4.55
"11","01636846",2016-10-11,1.02,,39.3376111,-77.6264722,4.55
"12","01636846",2016-10-12,1.04,,39.3376111,-77.6264722,4.55
"13","01636846",2016-10-13,1.07,,39.3376111,-77.6264722,4.55
"14","01636846",2016-10-14,1.03,,39.3376111,-77.6264722,4.55
"15","01636846",2016-10-15,1.01,,39.3376111,-77.6264722,4.55
"16","01636846",2016-10-16,1.01,,39.3376111,-77.6264722,4.55
"17","01636846",2016-10-17,1.02,,39.3376111,-77.6264722,4.55
"18","01636846",2016-10-18,0.99,,39.3376111,-77.6264722,4.55
"19","01636846",2016-10-19,0.94,,39.3376111,-77.6264722,4.55
"20","01636846",2016-10-20,0.9,,39.3376111,-77.6264722,4.55
"21","01636846",2016-10-21,0.89,,39.3376111,-77.6264722,4.55
"22","01636846",2016-10-22,0.84,,39.3376111,-77.6264722,4.55
"23","01636846",2016-10-23,0.77,,39.3376111,-77.6264722,4.55
"24","01636846",2016-10-24,0.76,,39.3376111,-77.6264722,4.55
"25","01636846",2016-10-25,0.75,,39.3376111,-77.6264722,4.55
"26","01636846",2016-10-26,0.78,,39.3376111,-77.6264722,4.55
"27","01636846",2016-10-27,0.83,,39.3376111,-77.6264722,4.55
"28","01636846",2016-10-28,0.84,,39.3376111,-77.6264722,4.55
"29","01636846",2016-10-29,0.81,,39.3376111,-77.6264722,4.55
"30","01636846",2016-10-30,0.85,,39.3376111,-77.6264722,4.55
"31","01636846",2016-10-31,0.9,,39.3376111,-77.6264722,4.55
"32","01636846",2016-11-01,0.84,,39.3376111,-77.6264722,4.55
"33","01636846",2016-11-02,0.85,,39.3376111,-77.6264722,4.55
"34","01636846",2016-11-03,0.89,,39.3376111,-77.6264722,4.55
"35","01636846",2016-11-04,0.89,,39.3376111,-77.6264722,4.55
"36","01636846",2016-11-05,0.83,,39.3376111,-77.6264722,4.55
"37","01636846",2016-11-06,0.81,,39.3376111,-77.6264722,4.55
"38","01636846",2016-11-07,0.81,,39.3376111,-77.6264722,4.55
"39","01636846",2016-11-08,0.82,,39.3376111,-77.6264722,4.55
"40","01636846",2016-11-09,0.98,,39.3376111,-77.6264722,4.55
"41","01636846",2016-11-10,0.95,,39.3376111,-77.6264722,4.55
"42","01636846",2016-11-11,0.82,,39.3376111,-77.6264722,4.55
"43","01636846",2016-11-12,0.82,,39.3376111,-77.6264722,4.55
"44","01636846",2016-11-13,0.87,,39.3376111,-77.6264722,4.55
"45","01636846",2016-11-14,0.9,,39.3376111,-77.6264722,4.55
"46","01636846",2016-11-15,0.92,,39.3376111,-77.6264722,4.55
"47","01636846",2016-11-16,0.9,,39.3376111,-77.6264722,4.55
"48","01636846",2016-11-17,0.88,,39.3376111,-77.6264722,4.55
"49","01636846",2016-11-18,0.87,,39.3376111,-77.6264722,4.55
"50","01636846",2016-11-19,0.89,,39.3376111,-77.6264722,4.55
"51","01636846",2016-11-20,0.84,,39.3376111,-77.6264722,4.55
"52","01636846",2016-11-21,0.8,,39.3376111,-77.6264722,4.55
"53","01636846",2016-11-22,0.85,,39.3376111,-77.6264722,4.55
"54","01636846",2016-11-23,0.87,,39.3376111,-77.6264722,4.55
"55","01636846",2016-11-24,0.93,,39.3376111,-77.6264722,4.55
"56","01636846",2016-11-25,0.92,,39.3376111,-77.6264722,4.55
"57","01636846",2016-11-26,0.9,,39.3376111,-77.6264722,4.55
"58","01636846",2016-11-27,0.87,,39.3376111,-77.6264722,4.55
"59","01636846",2016-11-28,0.88,,39.3376111,-77.6264722,4.55
"60","01636846",2016-11-29,1.27,,39.3376111,-77.6264722,4.55
"61","01636846",2016-11-30,3.24,,39.3376111,-77.6264722,4.55
"62","01636846",2016-12-01,3.1,,39.3376111,-77.6264722,4.55
"63","01636846",2016-12-02,1.15,,39.3376111,-77.6264722,4.55
"64","01636846",2016-12-03,0.98,,39.3376111,-77.6264722,4.55
"65","01636846",2016-12-04,0.94,,39.3376111,-77.6264722,4.55
"66","01636846",2016-12-05,1.3,,39.3376111,-77.6264722,4.55
"67","01636846",2016-12-06,8.86,,39.3376111,-77.6264722,4.55
"68","01636846",2016-12-07,3.86,,39.3376111,-77.6264722,4.55
"69","01636846",2016-12-08,1.67,,39.3376111,-77.6264722,4.55
"70","01636846",2016-12-09,1.37,,39.3376111,-77.6264722,4.55
"71","01636846",2016-12-10,1.25,,39.3376111,-77.6264722,4.55
"72","01636846",2016-12-11,1.22,,39.3376111,-77.6264722,4.55
"73","01636846",2016-12-12,1.45,,39.3376111,-77.6264722,4.55
"74","01636846",2016-12-13,1.31,,39.3376111,-77.6264722,4.55
"75","01636846",2016-12-14,1.25,,39.3376111,-77.6264722,4.55
"76","01636846",2016-12-15,1.19,,39.3376111,-77.6264722,4.55
"77","01636846",2016-12-16,1.12,,39.3376111,-77.6264722,4.55
"78","01636846",2016-12-17,1.24,,39.3376111,-77.6264722,4.55
"79","01636846",2016-12-18,2.2,,39.3376111,-77.6264722,4.55
"80","01636846",2016-12-19,1.37,,39.3376111,-77.6264722,4.55
"81","01636846",2016-12-20,1.36,,39.3376111,-77.6264722,4.55
"82","01636846",2016-12-21,1.37,,39.3376111,-77.6264722,4.55
"83","01636846",2016-12-22,1.36,,39.3376111,-77.6264722,4.55
"84","01636846",2016-12-23,1.3,,39.3376111,-77.6264722,4.55
"85","01636846",2016-12-24,2.05,,39.3376111,-77.6264722,4.55
"86","01636846",2016-12-25,1.7,,39.3376111,-77.6264722,4.55
"87","01636846",2016-12-26,1.53,,39.3376111,-77.6264722,4.55
"88","01636846",2016-12-27,1.51,,39.3376111,-77.6264722,4.55
"89","01636846",2016-12-28,1.44,378,39.3376111,-77.6264722,4.55
"90","01636846",2016-12-29,1.63,418,39.3376111,-77.6264722,4.55
"91","01636846",2016-12-30,1.52,388,39.3376111,-77.6264722,4.55
"92","01636846",2016-12-31,1.43,378,39.3376111,-77.6264722,4.55
"93","01636846",2017-01-01,1.4,,39.3376111,-77.6264722,4.55
"94","01636846",2017-01-02,2.59,,39.3376111,-77.6264722,4.55
"95","01636846",2017-01-03,24.2,306,39.3376111,-77.6264722,4.55
"96","01636846",2017-01-04,7.24,,39.3376111,-77.6264722,4.55
"97","01636846",2017-01-05,3.3,,39.3376111,-77.6264722,4.55
"98","01636846",2017-01-06,2.87,525,39.3376111,-77.6264722,4.55
"99","01636846",2017-01-07,2.33,435,39.3376111,-77.6264722,4.55
"100","01636846",2017-01-08,2.13,,39.3376111,-77.6264722,4.55
"101","01636846",2017-01-09,2.13,429,39.3376111,-77.6264722,4.55
"102","01636846",2017-01-10,2.13,,39.3376111,-77.6264722,4.55
"103","01636846",2017-01-11,2.57,,39.3376111,-77.6264722,4.55
"104","01636846",2017-01-12,3.67,453,39.3376111,-77.6264722,4.55
"105","01636846",2017-01-13,2.67,386,39.3376111,-77.6264722,4.55
"106","01636846",2017-01-14,2.78,427,39.3376111,-77.6264722,4.55
"107","01636846",2017-01-15,3.41,472,39.3376111,-77.6264722,4.55
"108","01636846",2017-01-16,2.55,403,39.3376111,-77.6264722,4.55
"109","01636846",2017-01-17,3.73,428,39.3376111,-77.6264722,4.55
"110","01636846",2017-01-18,3.53,379,39.3376111,-77.6264722,4.55
"111","01636846",2017-01-19,2.75,386,39.3376111,-77.6264722,4.55
"112","01636846",2017-01-20,2.65,390,39.3376111,-77.6264722,4.55
"113","01636846",2017-01-21,2.55,382,39.3376111,-77.6264722,4.55
"114","01636846",2017-01-22,2.64,377,39.3376111,-77.6264722,4.55
"115","01636846",2017-01-23,38.1,314,39.3376111,-77.6264722,4.55
"116","01636846",2017-01-24,11.8,299,39.3376111,-77.6264722,4.55
"117","01636846",2017-01-25,5.66,354,39.3376111,-77.6264722,4.55
"118","01636846",2017-01-26,4.44,369,39.3376111,-77.6264722,4.55
"119","01636846",2017-01-27,3.68,377,39.3376111,-77.6264722,4.55
"120","01636846",2017-01-28,3.35,379,39.3376111,-77.6264722,4.55
"121","01636846",2017-01-29,3.14,377,39.3376111,-77.6264722,4.55
"122","01636846",2017-01-30,2.97,375,39.3376111,-77.6264722,4.55
"123","01636846",2017-01-31,2.79,373,39.3376111,-77.6264722,4.55
"124","01636846",2017-02-01,2.63,370,39.3376111,-77.6264722,4.55
"125","01636846",2017-02-02,2.52,367,39.3376111,-77.6264722,4.55
"126","01636846",2017-02-03,2.45,366,39.3376111,-77.6264722,4.55
"127","01636846",2017-02-04,2.29,368,39.3376111,-77.6264722,4.55
"128","01636846",2017-02-05,2.39,363,39.3376111,-77.6264722,4.55
"129","01636846",2017-02-06,2.32,354,39.3376111,-77.6264722,4.55
"130","01636846",2017-02-07,2.33,,39.3376111,-77.6264722,4.55
"131","01636846",2017-02-08,2.27,,39.3376111,-77.6264722,4.55
"132","01636846",2017-02-09,3.55,347,39.3376111,-77.6264722,4.55
"133","01636846",2017-02-10,2.23,352,39.3376111,-77.6264722,4.55
"134","01636846",2017-02-11,2.34,355,39.3376111,-77.6264722,4.55
"135","01636846",2017-02-12,2.64,356,39.3376111,-77.6264722,4.55
"136","01636846",2017-02-13,2.36,342,39.3376111,-77.6264722,4.55
"137","01636846",2017-02-14,2.24,352,39.3376111,-77.6264722,4.55
"138","01636846",2017-02-15,2.26,352,39.3376111,-77.6264722,4.55
"139","01636846",2017-02-16,2.13,350,39.3376111,-77.6264722,4.55
"140","01636846",2017-02-17,2.08,351,39.3376111,-77.6264722,4.55
"141","01636846",2017-02-18,2.08,346,39.3376111,-77.6264722,4.55
"142","01636846",2017-02-19,2,345,39.3376111,-77.6264722,4.55
"143","01636846",2017-02-20,1.97,341,39.3376111,-77.6264722,4.55
"144","01636846",2017-02-21,1.98,343,39.3376111,-77.6264722,4.55
"145","01636846",2017-02-22,2,340,39.3376111,-77.6264722,4.55
"146","01636846",2017-02-23,1.99,340,39.3376111,-77.6264722,4.55
"147","01636846",2017-02-24,1.95,340,39.3376111,-77.6264722,4.55
"148","01636846",2017-02-25,3.22,347,39.3376111,-77.6264722,4.55
"149","01636846",2017-02-26,2.24,325,39.3376111,-77.6264722,4.55
"150","01636846",2017-02-27,1.89,347,39.3376111,-77.6264722,4.55
"151","01636846",2017-02-28,1.95,350,39.3376111,-77.6264722,4.55
"152","01636846",2017-03-01,3.9,343,39.3376111,-77.6264722,4.55
"153","01636846",2017-03-02,2.5,324,39.3376111,-77.6264722,4.55
"154","01636846",2017-03-03,2.07,350,39.3376111,-77.6264722,4.55
"155","01636846",2017-03-04,1.91,356,39.3376111,-77.6264722,4.55
"156","01636846",2017-03-05,1.86,358,39.3376111,-77.6264722,4.55
"157","01636846",2017-03-06,1.88,354,39.3376111,-77.6264722,4.55
"158","01636846",2017-03-07,2.03,352,39.3376111,-77.6264722,4.55
"159","01636846",2017-03-08,2.18,346,39.3376111,-77.6264722,4.55
"160","01636846",2017-03-09,1.78,344,39.3376111,-77.6264722,4.55
"161","01636846",2017-03-10,2.01,352,39.3376111,-77.6264722,4.55
"162","01636846",2017-03-11,1.82,338,39.3376111,-77.6264722,4.55
"163","01636846",2017-03-12,1.75,349,39.3376111,-77.6264722,4.55
"164","01636846",2017-03-13,1.75,350,39.3376111,-77.6264722,4.55
"165","01636846",2017-03-14,2.57,482,39.3376111,-77.6264722,4.55
"166","01636846",2017-03-15,2.4,558,39.3376111,-77.6264722,4.55
"167","01636846",2017-03-16,1.84,432,39.3376111,-77.6264722,4.55
"168","01636846",2017-03-17,2.58,464,39.3376111,-77.6264722,4.55
"169","01636846",2017-03-18,8.77,387,39.3376111,-77.6264722,4.55
"170","01636846",2017-03-19,9.05,337,39.3376111,-77.6264722,4.55
"171","01636846",2017-03-20,3.74,361,39.3376111,-77.6264722,4.55
"172","01636846",2017-03-21,3.17,368,39.3376111,-77.6264722,4.55
"173","01636846",2017-03-22,2.71,372,39.3376111,-77.6264722,4.55
"174","01636846",2017-03-23,2.5,379,39.3376111,-77.6264722,4.55
"175","01636846",2017-03-24,2.9,377,39.3376111,-77.6264722,4.55
"176","01636846",2017-03-25,2.66,361,39.3376111,-77.6264722,4.55
"177","01636846",2017-03-26,2.48,365,39.3376111,-77.6264722,4.55
"178","01636846",2017-03-27,2.62,358,39.3376111,-77.6264722,4.55
"179","01636846",2017-03-28,3.54,364,39.3376111,-77.6264722,4.55
"180","01636846",2017-03-29,2.68,361,39.3376111,-77.6264722,4.55
"181","01636846",2017-03-30,2.34,370,39.3376111,-77.6264722,4.55
"182","01636846",2017-03-31,16.6,308,39.3376111,-77.6264722,4.55
"183","01636846",2017-04-01,5.13,332,39.3376111,-77.6264722,4.55
"184","01636846",2017-04-02,3.56,358,39.3376111,-77.6264722,4.55
"185","01636846",2017-04-03,3.25,362,39.3376111,-77.6264722,4.55
"186","01636846",2017-04-04,3.48,353,39.3376111,-77.6264722,4.55
"187","01636846",2017-04-05,2.87,357,39.3376111,-77.6264722,4.55
"188","01636846",2017-04-06,37.9,280,39.3376111,-77.6264722,4.55
"189","01636846",2017-04-07,9.37,274,39.3376111,-77.6264722,4.55
"190","01636846",2017-04-08,5.2,317,39.3376111,-77.6264722,4.55
"191","01636846",2017-04-09,4.21,331,39.3376111,-77.6264722,4.55
"192","01636846",2017-04-10,3.72,335,39.3376111,-77.6264722,4.55
"193","01636846",2017-04-11,3.41,,39.3376111,-77.6264722,4.55
"194","01636846",2017-04-12,3.18,333,39.3376111,-77.6264722,4.55
"195","01636846",2017-04-13,2.86,332,39.3376111,-77.6264722,4.55
"196","01636846",2017-04-14,2.76,332,39.3376111,-77.6264722,4.55
"197","01636846",2017-04-15,2.67,328,39.3376111,-77.6264722,4.55
"198","01636846",2017-04-16,2.55,325,39.3376111,-77.6264722,4.55
"199","01636846",2017-04-17,3,325,39.3376111,-77.6264722,4.55
"200","01636846",2017-04-18,2.53,314,39.3376111,-77.6264722,4.55
"201","01636846",2017-04-19,2.39,325,39.3376111,-77.6264722,4.55
"202","01636846",2017-04-20,2.8,316,39.3376111,-77.6264722,4.55
"203","01636846",2017-04-21,2.56,312,39.3376111,-77.6264722,4.55
"204","01636846",2017-04-22,2.85,327,39.3376111,-77.6264722,4.55
"205","01636846",2017-04-23,2.55,313,39.3376111,-77.6264722,4.55
"206","01636846",2017-04-24,2.67,325,39.3376111,-77.6264722,4.55
"207","01636846",2017-04-25,3.06,316,39.3376111,-77.6264722,4.55
"208","01636846",2017-04-26,2.65,321,39.3376111,-77.6264722,4.55
"209","01636846",2017-04-27,2.39,326,39.3376111,-77.6264722,4.55
"210","01636846",2017-04-28,2.17,329,39.3376111,-77.6264722,4.55
"211","01636846",2017-04-29,2.06,333,39.3376111,-77.6264722,4.55
"212","01636846",2017-04-30,1.98,336,39.3376111,-77.6264722,4.55
"213","01636846",2017-05-01,1.92,338,39.3376111,-77.6264722,4.55
"214","01636846",2017-05-02,1.79,334,39.3376111,-77.6264722,4.55
"215","01636846",2017-05-03,1.6,341,39.3376111,-77.6264722,4.55
"216","01636846",2017-05-04,1.71,340,39.3376111,-77.6264722,4.55
"217","01636846",2017-05-05,22.9,269,39.3376111,-77.6264722,4.55
"218","01636846",2017-05-06,3.85,303,39.3376111,-77.6264722,4.55
"219","01636846",2017-05-07,2.7,322,39.3376111,-77.6264722,4.55
"220","01636846",2017-05-08,2.23,335,39.3376111,-77.6264722,4.55
"221","01636846",2017-05-09,2.04,339,39.3376111,-77.6264722,4.55
"222","01636846",2017-05-10,1.92,339,39.3376111,-77.6264722,4.55
"223","01636846",2017-05-11,21.9,288,39.3376111,-77.6264722,4.55
"224","01636846",2017-05-12,6.32,290,39.3376111,-77.6264722,4.55
"225","01636846",2017-05-13,13.8,284,39.3376111,-77.6264722,4.55
"226","01636846",2017-05-14,4.98,312,39.3376111,-77.6264722,4.55
"227","01636846",2017-05-15,3.72,325,39.3376111,-77.6264722,4.55
"228","01636846",2017-05-16,3.25,331,39.3376111,-77.6264722,4.55
"229","01636846",2017-05-17,3.02,331,39.3376111,-77.6264722,4.55
"230","01636846",2017-05-18,2.85,334,39.3376111,-77.6264722,4.55
"231","01636846",2017-05-19,2.64,335,39.3376111,-77.6264722,4.55
"232","01636846",2017-05-20,2.54,337,39.3376111,-77.6264722,4.55
"233","01636846",2017-05-21,2.43,327,39.3376111,-77.6264722,4.55
"234","01636846",2017-05-22,2.77,322,39.3376111,-77.6264722,4.55
"235","01636846",2017-05-23,2.58,314,39.3376111,-77.6264722,4.55
"236","01636846",2017-05-24,2.95,313,39.3376111,-77.6264722,4.55
"237","01636846",2017-05-25,41.4,242,39.3376111,-77.6264722,4.55
"238","01636846",2017-05-26,7.93,314,39.3376111,-77.6264722,4.55
"239","01636846",2017-05-27,4.67,349,39.3376111,-77.6264722,4.55
"240","01636846",2017-05-28,4.12,351,39.3376111,-77.6264722,4.55
"241","01636846",2017-05-29,3.77,345,39.3376111,-77.6264722,4.55
"242","01636846",2017-05-30,4.46,343,39.3376111,-77.6264722,4.55
"243","01636846",2017-05-31,3.71,349,39.3376111,-77.6264722,4.55
"244","01636846",2017-06-01,2.88,356,39.3376111,-77.6264722,4.55
"245","01636846",2017-06-02,2.62,357,39.3376111,-77.6264722,4.55
"246","01636846",2017-06-03,2.43,357,39.3376111,-77.6264722,4.55
"247","01636846",2017-06-04,2.34,354,39.3376111,-77.6264722,4.55
"248","01636846",2017-06-05,2.49,351,39.3376111,-77.6264722,4.55
"249","01636846",2017-06-06,2.35,337,39.3376111,-77.6264722,4.55
"250","01636846",2017-06-07,2.23,342,39.3376111,-77.6264722,4.55
"251","01636846",2017-06-08,2.15,338,39.3376111,-77.6264722,4.55
"252","01636846",2017-06-09,2.03,338,39.3376111,-77.6264722,4.55
"253","01636846",2017-06-10,1.9,342,39.3376111,-77.6264722,4.55
"254","01636846",2017-06-11,1.79,342,39.3376111,-77.6264722,4.55
"255","01636846",2017-06-12,1.73,345,39.3376111,-77.6264722,4.55
"256","01636846",2017-06-13,1.67,345,39.3376111,-77.6264722,4.55
"257","01636846",2017-06-14,1.62,349,39.3376111,-77.6264722,4.55
"258","01636846",2017-06-15,1.6,349,39.3376111,-77.6264722,4.55
"259","01636846",2017-06-16,1.61,347,39.3376111,-77.6264722,4.55
"260","01636846",2017-06-17,1.68,340,39.3376111,-77.6264722,4.55
"261","01636846",2017-06-18,1.56,336,39.3376111,-77.6264722,4.55
"262","01636846",2017-06-19,4.42,317,39.3376111,-77.6264722,4.55
"263","01636846",2017-06-20,2.03,295,39.3376111,-77.6264722,4.55
"264","01636846",2017-06-21,1.56,336,39.3376111,-77.6264722,4.55
"265","01636846",2017-06-22,1.53,348,39.3376111,-77.6264722,4.55
"266","01636846",2017-06-23,1.67,,39.3376111,-77.6264722,4.55
"267","01636846",2017-06-24,2.55,,39.3376111,-77.6264722,4.55
"268","01636846",2017-06-25,1.51,,39.3376111,-77.6264722,4.55
"269","01636846",2017-06-26,1.32,354,39.3376111,-77.6264722,4.55
"270","01636846",2017-06-27,1.28,360,39.3376111,-77.6264722,4.55
"271","01636846",2017-06-28,1.23,361,39.3376111,-77.6264722,4.55
"272","01636846",2017-06-29,1.25,362,39.3376111,-77.6264722,4.55
"273","01636846",2017-06-30,1.23,361,39.3376111,-77.6264722,4.55
"274","01636846",2017-07-01,1.32,359,39.3376111,-77.6264722,4.55
"275","01636846",2017-07-02,1.29,347,39.3376111,-77.6264722,4.55
"276","01636846",2017-07-03,1.25,351,39.3376111,-77.6264722,4.55
"277","01636846",2017-07-04,1.22,360,39.3376111,-77.6264722,4.55
"278","01636846",2017-07-05,1.62,361,39.3376111,-77.6264722,4.55
"279","01636846",2017-07-06,46.1,272,39.3376111,-77.6264722,4.55
"280","01636846",2017-07-07,3.81,305,39.3376111,-77.6264722,4.55
"281","01636846",2017-07-08,2.09,366,39.3376111,-77.6264722,4.55
"282","01636846",2017-07-09,1.77,387,39.3376111,-77.6264722,4.55
"283","01636846",2017-07-10,1.65,394,39.3376111,-77.6264722,4.55
"284","01636846",2017-07-11,1.58,396,39.3376111,-77.6264722,4.55
"285","01636846",2017-07-12,1.56,389,39.3376111,-77.6264722,4.55
"286","01636846",2017-07-13,1.53,383,39.3376111,-77.6264722,4.55
"287","01636846",2017-07-14,1.63,385,39.3376111,-77.6264722,4.55
"288","01636846",2017-07-15,1.55,364,39.3376111,-77.6264722,4.55
"289","01636846",2017-07-16,1.4,376,39.3376111,-77.6264722,4.55
"290","01636846",2017-07-17,1.36,384,39.3376111,-77.6264722,4.55
"291","01636846",2017-07-18,1.33,382,39.3376111,-77.6264722,4.55
"292","01636846",2017-07-19,1.26,383,39.3376111,-77.6264722,4.55
"293","01636846",2017-07-20,1.22,387,39.3376111,-77.6264722,4.55
"294","01636846",2017-07-21,1.18,389,39.3376111,-77.6264722,4.55
"295","01636846",2017-07-22,1.6,392,39.3376111,-77.6264722,4.55
"296","01636846",2017-07-23,2.2,351,39.3376111,-77.6264722,4.55
"297","01636846",2017-07-24,1.53,357,39.3376111,-77.6264722,4.55
"298","01636846",2017-07-25,1.28,377,39.3376111,-77.6264722,4.55
"299","01636846",2017-07-26,1.23,392,39.3376111,-77.6264722,4.55
"300","01636846",2017-07-27,1.25,396,39.3376111,-77.6264722,4.55
"301","01636846",2017-07-28,34.5,296,39.3376111,-77.6264722,4.55
"302","01636846",2017-07-29,19.3,277,39.3376111,-77.6264722,4.55
"303","01636846",2017-07-30,2.54,377,39.3376111,-77.6264722,4.55
"304","01636846",2017-07-31,1.94,411,39.3376111,-77.6264722,4.55
"305","01636846",2017-08-01,1.75,417,39.3376111,-77.6264722,4.55
"306","01636846",2017-08-02,1.63,416,39.3376111,-77.6264722,4.55
"307","01636846",2017-08-03,1.51,417,39.3376111,-77.6264722,4.55
"308","01636846",2017-08-04,1.56,409,39.3376111,-77.6264722,4.55
"309","01636846",2017-08-05,1.9,381,39.3376111,-77.6264722,4.55
"310","01636846",2017-08-06,1.41,395,39.3376111,-77.6264722,4.55
"311","01636846",2017-08-07,1.72,401,39.3376111,-77.6264722,4.55
"312","01636846",2017-08-08,1.53,371,39.3376111,-77.6264722,4.55
"313","01636846",2017-08-09,1.26,391,39.3376111,-77.6264722,4.55
"314","01636846",2017-08-10,1.16,404,39.3376111,-77.6264722,4.55
"315","01636846",2017-08-11,1.14,408,39.3376111,-77.6264722,4.55
"316","01636846",2017-08-12,1.81,398,39.3376111,-77.6264722,4.55
"317","01636846",2017-08-13,1.52,328,39.3376111,-77.6264722,4.55
"318","01636846",2017-08-14,1.2,377,39.3376111,-77.6264722,4.55
"319","01636846",2017-08-15,1.28,378,39.3376111,-77.6264722,4.55
"320","01636846",2017-08-16,1.11,378,39.3376111,-77.6264722,4.55
"321","01636846",2017-08-17,0.99,390,39.3376111,-77.6264722,4.55
"322","01636846",2017-08-18,15.6,333,39.3376111,-77.6264722,4.55
"323","01636846",2017-08-19,2.31,301,39.3376111,-77.6264722,4.55
"324","01636846",2017-08-20,1.13,368,39.3376111,-77.6264722,4.55
"325","01636846",2017-08-21,0.97,393,39.3376111,-77.6264722,4.55
"326","01636846",2017-08-22,0.91,400,39.3376111,-77.6264722,4.55
"327","01636846",2017-08-23,0.86,402,39.3376111,-77.6264722,4.55
"328","01636846",2017-08-24,0.8,404,39.3376111,-77.6264722,4.55
"329","01636846",2017-08-25,0.78,404,39.3376111,-77.6264722,4.55
"330","01636846",2017-08-26,0.75,402,39.3376111,-77.6264722,4.55
"331","01636846",2017-08-27,0.75,406,39.3376111,-77.6264722,4.55
"332","01636846",2017-08-28,0.73,399,39.3376111,-77.6264722,4.55
"333","01636846",2017-08-29,0.96,399,39.3376111,-77.6264722,4.55
"334","01636846",2017-08-30,0.92,367,39.3376111,-77.6264722,4.55
"335","01636846",2017-08-31,0.83,377,39.3376111,-77.6264722,4.55
"336","01636846",2017-09-01,0.81,383,39.3376111,-77.6264722,4.55
"337","01636846",2017-09-02,1,382,39.3376111,-77.6264722,4.55
"338","01636846",2017-09-03,0.96,360,39.3376111,-77.6264722,4.55
"339","01636846",2017-09-04,0.82,370,39.3376111,-77.6264722,4.55
"340","01636846",2017-09-05,3.61,351,39.3376111,-77.6264722,4.55
"341","01636846",2017-09-06,4.75,305,39.3376111,-77.6264722,4.55
"342","01636846",2017-09-07,2.17,329,39.3376111,-77.6264722,4.55
"343","01636846",2017-09-08,1.13,384,39.3376111,-77.6264722,4.55
"344","01636846",2017-09-09,0.99,408,39.3376111,-77.6264722,4.55
"345","01636846",2017-09-10,0.91,416,39.3376111,-77.6264722,4.55
"346","01636846",2017-09-11,0.88,417,39.3376111,-77.6264722,4.55
"347","01636846",2017-09-12,0.9,,39.3376111,-77.6264722,4.55
"348","01636846",2017-09-13,0.99,408,39.3376111,-77.6264722,4.55
"349","01636846",2017-09-14,0.95,392,39.3376111,-77.6264722,4.55
"350","01636846",2017-09-15,0.82,394,39.3376111,-77.6264722,4.55
"351","01636846",2017-09-16,0.79,397,39.3376111,-77.6264722,4.55
"352","01636846",2017-09-17,0.82,394,39.3376111,-77.6264722,4.55
"353","01636846",2017-09-18,0.75,407,39.3376111,-77.6264722,4.55
"354","01636846",2017-09-19,0.74,410,39.3376111,-77.6264722,4.55
"355","01636846",2017-09-20,0.67,406,39.3376111,-77.6264722,4.55
"356","01636846",2017-09-21,0.61,407,39.3376111,-77.6264722,4.55
"357","01636846",2017-09-22,0.57,410,39.3376111,-77.6264722,4.55
"358","01636846",2017-09-23,0.55,408,39.3376111,-77.6264722,4.55
"359","01636846",2017-09-24,0.54,405,39.3376111,-77.6264722,4.55
"360","01636846",2017-09-25,0.51,410,39.3376111,-77.6264722,4.55
"361","01636846",2017-09-26,0.5,412,39.3376111,-77.6264722,4.55
"362","01636846",2017-09-27,0.56,412,39.3376111,-77.6264722,4.55
"363","01636846",2017-09-28,0.52,,39.3376111,-77.6264722,4.55
"364","01636846",2017-09-29,0.47,,39.3376111,-77.6264722,4.55
"365","01636846",2017-09-30,0.44,423,39.3376111,-77.6264722,4.55
"366","01636846",2017-10-01,0.45,425,39.3376111,-77.6264722,4.55
"367","01636846",2017-10-02,0.46,422,39.3376111,-77.6264722,4.55
"368","01636846",2017-10-03,0.43,417,39.3376111,-77.6264722,4.55
"369","01636846",2017-10-04,0.45,414,39.3376111,-77.6264722,4.55
"370","01636846",2017-10-05,0.47,412,39.3376111,-77.6264722,4.55
"371","01636846",2017-10-06,0.48,412,39.3376111,-77.6264722,4.55
"372","01636846",2017-10-07,0.47,415,39.3376111,-77.6264722,4.55
"373","01636846",2017-10-08,0.72,418,39.3376111,-77.6264722,4.55
"374","01636846",2017-10-09,4.14,377,39.3376111,-77.6264722,4.55
"375","01636846",2017-10-10,1.14,357,39.3376111,-77.6264722,4.55
"376","01636846",2017-10-11,1.63,393,39.3376111,-77.6264722,4.55
"377","01636846",2017-10-12,3.5,351,39.3376111,-77.6264722,4.55
"378","01636846",2017-10-13,1.11,391,39.3376111,-77.6264722,4.55
"379","01636846",2017-10-14,0.89,410,39.3376111,-77.6264722,4.55
"380","01636846",2017-10-15,0.79,412,39.3376111,-77.6264722,4.55
"381","01636846",2017-10-16,0.75,411,39.3376111,-77.6264722,4.55
"382","01636846",2017-10-17,0.61,412,39.3376111,-77.6264722,4.55
"383","01636846",2017-10-18,0.58,420,39.3376111,-77.6264722,4.55
"384","01636846",2017-10-19,0.59,419,39.3376111,-77.6264722,4.55
"385","01636846",2017-10-20,0.6,414,39.3376111,-77.6264722,4.55
"386","01636846",2017-10-21,0.58,409,39.3376111,-77.6264722,4.55
"387","01636846",2017-10-22,0.6,407,39.3376111,-77.6264722,4.55
"388","01636846",2017-10-23,0.69,403,39.3376111,-77.6264722,4.55
"389","01636846",2017-10-24,2.85,367,39.3376111,-77.6264722,4.55
"390","01636846",2017-10-25,0.91,369,39.3376111,-77.6264722,4.55
"391","01636846",2017-10-26,0.67,395,39.3376111,-77.6264722,4.55
"392","01636846",2017-10-27,0.58,407,39.3376111,-77.6264722,4.55
"393","01636846",2017-10-28,0.62,412,39.3376111,-77.6264722,4.55
"394","01636846",2017-10-29,19.9,367,39.3376111,-77.6264722,4.55
"395","01636846",2017-10-30,19.7,253,39.3376111,-77.6264722,4.55
"396","01636846",2017-10-31,3.14,351,39.3376111,-77.6264722,4.55
"397","01636846",2017-11-01,2.22,382,39.3376111,-77.6264722,4.55
"398","01636846",2017-11-02,1.92,389,39.3376111,-77.6264722,4.55
"399","01636846",2017-11-03,1.72,389,39.3376111,-77.6264722,4.55
"400","01636846",2017-11-04,1.7,386,39.3376111,-77.6264722,4.55
"401","01636846",2017-11-05,3.85,355,39.3376111,-77.6264722,4.55
"402","01636846",2017-11-06,2.33,367,39.3376111,-77.6264722,4.55
"403","01636846",2017-11-07,6.57,352,39.3376111,-77.6264722,4.55
"404","01636846",2017-11-08,4.85,317,39.3376111,-77.6264722,4.55
"405","01636846",2017-11-09,2.93,371,39.3376111,-77.6264722,4.55
"406","01636846",2017-11-10,2.46,381,39.3376111,-77.6264722,4.55
"407","01636846",2017-11-11,2.14,389,39.3376111,-77.6264722,4.55
"408","01636846",2017-11-12,2,390,39.3376111,-77.6264722,4.55
"409","01636846",2017-11-13,2.15,384,39.3376111,-77.6264722,4.55
"410","01636846",2017-11-14,1.89,376,39.3376111,-77.6264722,4.55
"411","01636846",2017-11-15,1.74,377,39.3376111,-77.6264722,4.55
"412","01636846",2017-11-16,1.76,374,39.3376111,-77.6264722,4.55
"413","01636846",2017-11-17,1.55,372,39.3376111,-77.6264722,4.55
"414","01636846",2017-11-18,1.61,375,39.3376111,-77.6264722,4.55
"415","01636846",2017-11-19,1.86,368,39.3376111,-77.6264722,4.55
"416","01636846",2017-11-20,1.52,366,39.3376111,-77.6264722,4.55
"417","01636846",2017-11-21,1.46,370,39.3376111,-77.6264722,4.55
"418","01636846",2017-11-22,1.52,367,39.3376111,-77.6264722,4.55
"419","01636846",2017-11-23,1.39,364,39.3376111,-77.6264722,4.55
"420","01636846",2017-11-24,1.38,366,39.3376111,-77.6264722,4.55
"421","01636846",2017-11-25,1.43,362,39.3376111,-77.6264722,4.55
"422","01636846",2017-11-26,1.38,358,39.3376111,-77.6264722,4.55
"423","01636846",2017-11-27,1.28,355,39.3376111,-77.6264722,4.55
"424","01636846",2017-11-28,1.24,357,39.3376111,-77.6264722,4.55
"425","01636846",2017-11-29,1.24,356,39.3376111,-77.6264722,4.55
"426","01636846",2017-11-30,1.26,357,39.3376111,-77.6264722,4.55
"427","01636846",2017-12-01,1.3,354,39.3376111,-77.6264722,4.55
"428","01636846",2017-12-02,1.26,351,39.3376111,-77.6264722,4.55
"429","01636846",2017-12-03,1.29,351,39.3376111,-77.6264722,4.55
"430","01636846",2017-12-04,1.22,348,39.3376111,-77.6264722,4.55
"431","01636846",2017-12-05,1.4,346,39.3376111,-77.6264722,4.55
"432","01636846",2017-12-06,1.65,345,39.3376111,-77.6264722,4.55
"433","01636846",2017-12-07,1.29,340,39.3376111,-77.6264722,4.55
"434","01636846",2017-12-08,1.2,347,39.3376111,-77.6264722,4.55
"435","01636846",2017-12-09,1.28,350,39.3376111,-77.6264722,4.55
"436","01636846",2017-12-10,1.29,349,39.3376111,-77.6264722,4.55
"437","01636846",2017-12-11,1.24,347,39.3376111,-77.6264722,4.55
"438","01636846",2017-12-12,1.23,348,39.3376111,-77.6264722,4.55
"439","01636846",2017-12-13,1.03,359,39.3376111,-77.6264722,4.55
"440","01636846",2017-12-14,1.12,359,39.3376111,-77.6264722,4.55
"441","01636846",2017-12-15,1.01,361,39.3376111,-77.6264722,4.55
"442","01636846",2017-12-16,1.07,364,39.3376111,-77.6264722,4.55
"443","01636846",2017-12-17,1.09,353,39.3376111,-77.6264722,4.55
"444","01636846",2017-12-18,1.24,349,39.3376111,-77.6264722,4.55
"445","01636846",2017-12-19,1.25,348,39.3376111,-77.6264722,4.55
"446","01636846",2017-12-20,1.18,348,39.3376111,-77.6264722,4.55
"447","01636846",2017-12-21,1.06,351,39.3376111,-77.6264722,4.55
"448","01636846",2017-12-22,1.08,351,39.3376111,-77.6264722,4.55
"449","01636846",2017-12-23,2.15,374,39.3376111,-77.6264722,4.55
"450","01636846",2017-12-24,2.1,358,39.3376111,-77.6264722,4.55
"451","01636846",2017-12-25,1.45,357,39.3376111,-77.6264722,4.55
"452","01636846",2017-12-26,1.12,366,39.3376111,-77.6264722,4.55
"453","01636846",2017-12-27,1.01,372,39.3376111,-77.6264722,4.55
"454","01636846",2017-12-28,0.85,396,39.3376111,-77.6264722,4.55
"455","01636846",2017-12-29,0.83,403,39.3376111,-77.6264722,4.55
"456","01636846",2017-12-30,0.99,382,39.3376111,-77.6264722,4.55
"457","01636846",2017-12-31,0.87,378,39.3376111,-77.6264722,4.55
"458","01636846",2018-01-01,0.77,397,39.3376111,-77.6264722,4.55
"459","01636846",2018-01-02,0.88,409,39.3376111,-77.6264722,4.55
"460","01636846",2018-01-03,1.09,408,39.3376111,-77.6264722,4.55
"461","01636846",2018-01-04,1.22,378,39.3376111,-77.6264722,4.55
"462","01636846",2018-01-05,1.29,,39.3376111,-77.6264722,4.55
"463","01636846",2018-01-06,1.44,,39.3376111,-77.6264722,4.55
"464","01636846",2018-01-07,1.42,,39.3376111,-77.6264722,4.55
"465","01636846",2018-01-08,1.22,,39.3376111,-77.6264722,4.55
"466","01636846",2018-01-09,1.17,,39.3376111,-77.6264722,4.55
"467","01636846",2018-01-10,1.35,,39.3376111,-77.6264722,4.55
"468","01636846",2018-01-11,1.83,,39.3376111,-77.6264722,4.55
"469","01636846",2018-01-12,39.6,,39.3376111,-77.6264722,4.55
"470","01636846",2018-01-13,49,260,39.3376111,-77.6264722,4.55
"471","01636846",2018-01-14,4.69,332,39.3376111,-77.6264722,4.55
"472","01636846",2018-01-15,2.74,359,39.3376111,-77.6264722,4.55
"473","01636846",2018-01-16,2.28,364,39.3376111,-77.6264722,4.55
"474","01636846",2018-01-17,1.77,370,39.3376111,-77.6264722,4.55
"475","01636846",2018-01-18,1.6,398,39.3376111,-77.6264722,4.55
"476","01636846",2018-01-19,1.56,375,39.3376111,-77.6264722,4.55
"477","01636846",2018-01-20,1.68,363,39.3376111,-77.6264722,4.55
"478","01636846",2018-01-21,1.84,349,39.3376111,-77.6264722,4.55
"479","01636846",2018-01-22,1.92,347,39.3376111,-77.6264722,4.55
"480","01636846",2018-01-23,12.3,374,39.3376111,-77.6264722,4.55
"481","01636846",2018-01-24,3.99,350,39.3376111,-77.6264722,4.55
"482","01636846",2018-01-25,2.95,,39.3376111,-77.6264722,4.55
"483","01636846",2018-01-26,2.5,371,39.3376111,-77.6264722,4.55
"484","01636846",2018-01-27,2.34,374,39.3376111,-77.6264722,4.55
"485","01636846",2018-01-28,2.89,381,39.3376111,-77.6264722,4.55
"486","01636846",2018-01-29,2.55,372,39.3376111,-77.6264722,4.55
"487","01636846",2018-01-30,2.21,376,39.3376111,-77.6264722,4.55
"488","01636846",2018-01-31,1.83,387,39.3376111,-77.6264722,4.55
"489","01636846",2018-02-01,2.02,378,39.3376111,-77.6264722,4.55
"490","01636846",2018-02-02,2.28,395,39.3376111,-77.6264722,4.55
"491","01636846",2018-02-03,1.58,404,39.3376111,-77.6264722,4.55
"492","01636846",2018-02-04,5.07,462,39.3376111,-77.6264722,4.55
"493","01636846",2018-02-05,7.1,365,39.3376111,-77.6264722,4.55
"494","01636846",2018-02-06,3.97,370,39.3376111,-77.6264722,4.55
"495","01636846",2018-02-07,20.5,425,39.3376111,-77.6264722,4.55
"496","01636846",2018-02-08,8.82,353,39.3376111,-77.6264722,4.55
"497","01636846",2018-02-09,5.59,376,39.3376111,-77.6264722,4.55
"498","01636846",2018-02-10,6.27,371,39.3376111,-77.6264722,4.55
"499","01636846",2018-02-11,23.1,323,39.3376111,-77.6264722,4.55
"500","01636846",2018-02-12,9.23,,39.3376111,-77.6264722,4.55
"501","01636846",2018-02-13,6.1,,39.3376111,-77.6264722,4.55
"502","01636846",2018-02-14,5.37,380,39.3376111,-77.6264722,4.55
"503","01636846",2018-02-15,5.32,377,39.3376111,-77.6264722,4.55
"504","01636846",2018-02-16,13.5,333,39.3376111,-77.6264722,4.55
"505","01636846",2018-02-17,6.26,374,39.3376111,-77.6264722,4.55
"506","01636846",2018-02-18,7.51,408,39.3376111,-77.6264722,4.55
"507","01636846",2018-02-19,5.75,368,39.3376111,-77.6264722,4.55
"508","01636846",2018-02-20,5.09,374,39.3376111,-77.6264722,4.55
"509","01636846",2018-02-21,4.61,,39.3376111,-77.6264722,4.55
"510","01636846",2018-02-22,4.27,368,39.3376111,-77.6264722,4.55
"511","01636846",2018-02-23,10.3,330,39.3376111,-77.6264722,4.55
"512","01636846",2018-02-24,7.43,354,39.3376111,-77.6264722,4.55
"513","01636846",2018-02-25,13.9,327,39.3376111,-77.6264722,4.55
"514","01636846",2018-02-26,7.27,354,39.3376111,-77.6264722,4.55
"515","01636846",2018-02-27,5.75,361,39.3376111,-77.6264722,4.55
"516","01636846",2018-02-28,5.19,357,39.3376111,-77.6264722,4.55
"517","01636846",2018-03-01,5.53,357,39.3376111,-77.6264722,4.55
"518","01636846",2018-03-02,8.6,317,39.3376111,-77.6264722,4.55
"519","01636846",2018-03-03,4.55,349,39.3376111,-77.6264722,4.55
"520","01636846",2018-03-04,4.03,353,39.3376111,-77.6264722,4.55
"521","01636846",2018-03-05,3.75,352,39.3376111,-77.6264722,4.55
"522","01636846",2018-03-06,3.7,350,39.3376111,-77.6264722,4.55
"523","01636846",2018-03-07,3.87,343,39.3376111,-77.6264722,4.55
"524","01636846",2018-03-08,3.46,341,39.3376111,-77.6264722,4.55
"525","01636846",2018-03-09,3.21,343,39.3376111,-77.6264722,4.55
"526","01636846",2018-03-10,3.07,340,39.3376111,-77.6264722,4.55
"527","01636846",2018-03-11,2.97,337,39.3376111,-77.6264722,4.55
"528","01636846",2018-03-12,2.95,336,39.3376111,-77.6264722,4.55
"529","01636846",2018-03-13,2.81,335,39.3376111,-77.6264722,4.55
"530","01636846",2018-03-14,2.68,337,39.3376111,-77.6264722,4.55
"531","01636846",2018-03-15,2.64,335,39.3376111,-77.6264722,4.55
"532","01636846",2018-03-16,2.55,331,39.3376111,-77.6264722,4.55
"533","01636846",2018-03-17,2.51,338,39.3376111,-77.6264722,4.55
"534","01636846",2018-03-18,2.5,330,39.3376111,-77.6264722,4.55
"535","01636846",2018-03-19,2.45,326,39.3376111,-77.6264722,4.55
"536","01636846",2018-03-20,3.26,572,39.3376111,-77.6264722,4.55
"537","01636846",2018-03-21,3.59,766,39.3376111,-77.6264722,4.55
"538","01636846",2018-03-22,3.53,622,39.3376111,-77.6264722,4.55
"539","01636846",2018-03-23,5.57,553,39.3376111,-77.6264722,4.55
"540","01636846",2018-03-24,6.95,394,39.3376111,-77.6264722,4.55
"541","01636846",2018-03-25,5.02,359,39.3376111,-77.6264722,4.55
"542","01636846",2018-03-26,4.13,369,39.3376111,-77.6264722,4.55
"543","01636846",2018-03-27,3.96,375,39.3376111,-77.6264722,4.55
"544","01636846",2018-03-28,5.04,380,39.3376111,-77.6264722,4.55
"545","01636846",2018-03-29,4.92,369,39.3376111,-77.6264722,4.55
"546","01636846",2018-03-30,4.26,368,39.3376111,-77.6264722,4.55
"547","01636846",2018-03-31,3.47,373,39.3376111,-77.6264722,4.55
"548","01636846",2018-04-01,3.29,371,39.3376111,-77.6264722,4.55
"549","01636846",2018-04-02,5.71,361,39.3376111,-77.6264722,4.55
"550","01636846",2018-04-03,4.04,360,39.3376111,-77.6264722,4.55
"551","01636846",2018-04-04,3.75,356,39.3376111,-77.6264722,4.55
"552","01636846",2018-04-05,3.1,362,39.3376111,-77.6264722,4.55
"553","01636846",2018-04-06,3.07,359,39.3376111,-77.6264722,4.55
"554","01636846",2018-04-07,2.93,355,39.3376111,-77.6264722,4.55
"555","01636846",2018-04-08,2.79,352,39.3376111,-77.6264722,4.55
"556","01636846",2018-04-09,2.72,350,39.3376111,-77.6264722,4.55
"557","01636846",2018-04-10,2.71,341,39.3376111,-77.6264722,4.55
"558","01636846",2018-04-11,2.59,339,39.3376111,-77.6264722,4.55
"559","01636846",2018-04-12,2.59,339,39.3376111,-77.6264722,4.55
"560","01636846",2018-04-13,2.51,336,39.3376111,-77.6264722,4.55
"561","01636846",2018-04-14,2.4,338,39.3376111,-77.6264722,4.55
"562","01636846",2018-04-15,2.74,337,39.3376111,-77.6264722,4.55
"563","01636846",2018-04-16,81.5,202,39.3376111,-77.6264722,4.55
"564","01636846",2018-04-17,12.5,265,39.3376111,-77.6264722,4.55
"565","01636846",2018-04-18,7.91,301,39.3376111,-77.6264722,4.55
"566","01636846",2018-04-19,6.29,312,39.3376111,-77.6264722,4.55
"567","01636846",2018-04-20,5.12,317,39.3376111,-77.6264722,4.55
"568","01636846",2018-04-21,4.61,315,39.3376111,-77.6264722,4.55
"569","01636846",2018-04-22,4.35,311,39.3376111,-77.6264722,4.55
"570","01636846",2018-04-23,4.08,308,39.3376111,-77.6264722,4.55
"571","01636846",2018-04-24,4.29,308,39.3376111,-77.6264722,4.55
"572","01636846",2018-04-25,5.93,308,39.3376111,-77.6264722,4.55
"573","01636846",2018-04-26,4.34,309,39.3376111,-77.6264722,4.55
"574","01636846",2018-04-27,5.78,312,39.3376111,-77.6264722,4.55
"575","01636846",2018-04-28,4.28,312,39.3376111,-77.6264722,4.55
"576","01636846",2018-04-29,3.61,315,39.3376111,-77.6264722,4.55
"577","01636846",2018-04-30,3.36,315,39.3376111,-77.6264722,4.55
"578","01636846",2018-05-01,3.2,312,39.3376111,-77.6264722,4.55
"579","01636846",2018-05-02,3.13,312,39.3376111,-77.6264722,4.55
"580","01636846",2018-05-03,3.04,313,39.3376111,-77.6264722,4.55
"581","01636846",2018-05-04,3.01,314,39.3376111,-77.6264722,4.55
"582","01636846",2018-05-05,3.16,316,39.3376111,-77.6264722,4.55
"583","01636846",2018-05-06,4.75,300,39.3376111,-77.6264722,4.55
"584","01636846",2018-05-07,3.54,303,39.3376111,-77.6264722,4.55
"585","01636846",2018-05-08,2.96,312,39.3376111,-77.6264722,4.55
"586","01636846",2018-05-09,2.68,315,39.3376111,-77.6264722,4.55
"587","01636846",2018-05-10,3.26,324,39.3376111,-77.6264722,4.55
"588","01636846",2018-05-11,2.84,318,39.3376111,-77.6264722,4.55
"589","01636846",2018-05-12,2.47,325,39.3376111,-77.6264722,4.55
"590","01636846",2018-05-13,6.98,321,39.3376111,-77.6264722,4.55
"591","01636846",2018-05-14,6.66,343,39.3376111,-77.6264722,4.55
"592","01636846",2018-05-15,732,263,39.3376111,-77.6264722,4.55
"593","01636846",2018-05-16,195,113,39.3376111,-77.6264722,4.55
"594","01636846",2018-05-17,195,,39.3376111,-77.6264722,4.55
"595","01636846",2018-05-18,57.9,,39.3376111,-77.6264722,4.55
"596","01636846",2018-05-19,71.6,219,39.3376111,-77.6264722,4.55
"597","01636846",2018-05-20,24.2,272,39.3376111,-77.6264722,4.55
"598","01636846",2018-05-21,15.5,290,39.3376111,-77.6264722,4.55
"599","01636846",2018-05-22,34.8,260,39.3376111,-77.6264722,4.55
"600","01636846",2018-05-23,14.5,263,39.3376111,-77.6264722,4.55
"601","01636846",2018-05-24,9.77,289,39.3376111,-77.6264722,4.55
"602","01636846",2018-05-25,8.27,295,39.3376111,-77.6264722,4.55
"603","01636846",2018-05-26,7.48,296,39.3376111,-77.6264722,4.55
"604","01636846",2018-05-27,7.32,298,39.3376111,-77.6264722,4.55
"605","01636846",2018-05-28,7.25,299,39.3376111,-77.6264722,4.55
"606","01636846",2018-05-29,6.48,300,39.3376111,-77.6264722,4.55
"607","01636846",2018-05-30,6.05,303,39.3376111,-77.6264722,4.55
"608","01636846",2018-05-31,105,,39.3376111,-77.6264722,4.55
"609","01636846",2018-06-01,21.8,232,39.3376111,-77.6264722,4.55
"610","01636846",2018-06-02,94.3,224,39.3376111,-77.6264722,4.55
"611","01636846",2018-06-03,43.6,253,39.3376111,-77.6264722,4.55
"612","01636846",2018-06-04,20.8,301,39.3376111,-77.6264722,4.55
"613","01636846",2018-06-05,14.8,320,39.3376111,-77.6264722,4.55
"614","01636846",2018-06-06,12.3,317,39.3376111,-77.6264722,4.55
"615","01636846",2018-06-07,10.1,314,39.3376111,-77.6264722,4.55
"616","01636846",2018-06-08,9.1,311,39.3376111,-77.6264722,4.55
"617","01636846",2018-06-09,8.5,308,39.3376111,-77.6264722,4.55
"618","01636846",2018-06-10,8.63,314,39.3376111,-77.6264722,4.55
"619","01636846",2018-06-11,19.9,291,39.3376111,-77.6264722,4.55
"620","01636846",2018-06-12,9.04,300,39.3376111,-77.6264722,4.55
"621","01636846",2018-06-13,7.87,303,39.3376111,-77.6264722,4.55
"622","01636846",2018-06-14,6.86,304,39.3376111,-77.6264722,4.55
"623","01636846",2018-06-15,5.92,310,39.3376111,-77.6264722,4.55
"624","01636846",2018-06-16,5.56,309,39.3376111,-77.6264722,4.55
"625","01636846",2018-06-17,5.28,306,39.3376111,-77.6264722,4.55
"626","01636846",2018-06-18,5.08,311,39.3376111,-77.6264722,4.55
"627","01636846",2018-06-19,4.9,314,39.3376111,-77.6264722,4.55
"628","01636846",2018-06-20,11.9,302,39.3376111,-77.6264722,4.55
"629","01636846",2018-06-21,7.06,284,39.3376111,-77.6264722,4.55
"630","01636846",2018-06-22,8.69,303,39.3376111,-77.6264722,4.55
"631","01636846",2018-06-23,15.4,286,39.3376111,-77.6264722,4.55
"632","01636846",2018-06-24,6.14,307,39.3376111,-77.6264722,4.55
"633","01636846",2018-06-25,4.79,318,39.3376111,-77.6264722,4.55
"634","01636846",2018-06-26,4.22,324,39.3376111,-77.6264722,4.55
"635","01636846",2018-06-27,4.19,318,39.3376111,-77.6264722,4.55
"636","01636846",2018-06-28,4.14,318,39.3376111,-77.6264722,4.55
"637","01636846",2018-06-29,3.76,320,39.3376111,-77.6264722,4.55
"638","01636846",2018-06-30,3.57,321,39.3376111,-77.6264722,4.55
"639","01636846",2018-07-01,3.43,319,39.3376111,-77.6264722,4.55
"640","01636846",2018-07-02,3.27,318,39.3376111,-77.6264722,4.55
"641","01636846",2018-07-03,2.96,320,39.3376111,-77.6264722,4.55
"642","01636846",2018-07-04,2.84,321,39.3376111,-77.6264722,4.55
"643","01636846",2018-07-05,2.78,322,39.3376111,-77.6264722,4.55
"644","01636846",2018-07-06,2.77,320,39.3376111,-77.6264722,4.55
"645","01636846",2018-07-07,2.43,324,39.3376111,-77.6264722,4.55
"646","01636846",2018-07-08,2.4,328,39.3376111,-77.6264722,4.55
"647","01636846",2018-07-09,2.38,321,39.3376111,-77.6264722,4.55
"648","01636846",2018-07-10,2.32,318,39.3376111,-77.6264722,4.55
"649","01636846",2018-07-11,2.18,322,39.3376111,-77.6264722,4.55
"650","01636846",2018-07-12,2.07,325,39.3376111,-77.6264722,4.55
"651","01636846",2018-07-13,2.05,325,39.3376111,-77.6264722,4.55
"652","01636846",2018-07-14,2.03,322,39.3376111,-77.6264722,4.55
"653","01636846",2018-07-15,2.07,322,39.3376111,-77.6264722,4.55
"654","01636846",2018-07-16,2.06,321,39.3376111,-77.6264722,4.55
"655","01636846",2018-07-17,2.41,324,39.3376111,-77.6264722,4.55
"656","01636846",2018-07-18,2.21,328,39.3376111,-77.6264722,4.55
"657","01636846",2018-07-19,1.98,324,39.3376111,-77.6264722,4.55
"658","01636846",2018-07-20,1.98,328,39.3376111,-77.6264722,4.55
"659","01636846",2018-07-21,96.9,284,39.3376111,-77.6264722,4.55
"660","01636846",2018-07-22,29.2,244,39.3376111,-77.6264722,4.55
"661","01636846",2018-07-23,67.6,228,39.3376111,-77.6264722,4.55
"662","01636846",2018-07-24,38.3,257,39.3376111,-77.6264722,4.55
"663","01636846",2018-07-25,59.4,265,39.3376111,-77.6264722,4.55
"664","01636846",2018-07-26,15.8,294,39.3376111,-77.6264722,4.55
"665","01636846",2018-07-27,26.7,294,39.3376111,-77.6264722,4.55
"666","01636846",2018-07-28,11.3,317,39.3376111,-77.6264722,4.55
"667","01636846",2018-07-29,8.15,342,39.3376111,-77.6264722,4.55
"668","01636846",2018-07-30,30.5,,39.3376111,-77.6264722,4.55
"669","01636846",2018-07-31,12.2,,39.3376111,-77.6264722,4.55
"670","01636846",2018-08-01,13,309,39.3376111,-77.6264722,4.55
"671","01636846",2018-08-02,12.6,319,39.3376111,-77.6264722,4.55
"672","01636846",2018-08-03,25.7,305,39.3376111,-77.6264722,4.55
"673","01636846",2018-08-04,15.8,282,39.3376111,-77.6264722,4.55
"674","01636846",2018-08-05,9.38,324,39.3376111,-77.6264722,4.55
"675","01636846",2018-08-06,7.82,334,39.3376111,-77.6264722,4.55
"676","01636846",2018-08-07,6.9,336,39.3376111,-77.6264722,4.55
"677","01636846",2018-08-08,13.5,313,39.3376111,-77.6264722,4.55
"678","01636846",2018-08-09,7.99,339,39.3376111,-77.6264722,4.55
"679","01636846",2018-08-10,6.37,350,39.3376111,-77.6264722,4.55
"680","01636846",2018-08-11,5.78,347,39.3376111,-77.6264722,4.55
"681","01636846",2018-08-12,114,,39.3376111,-77.6264722,4.55
"682","01636846",2018-08-13,10.6,,39.3376111,-77.6264722,4.55
"683","01636846",2018-08-14,7.71,340,39.3376111,-77.6264722,4.55
"684","01636846",2018-08-15,6.39,341,39.3376111,-77.6264722,4.55
"685","01636846",2018-08-16,5.49,342,39.3376111,-77.6264722,4.55
"686","01636846",2018-08-17,5.1,343,39.3376111,-77.6264722,4.55
"687","01636846",2018-08-18,5.23,342,39.3376111,-77.6264722,4.55
"688","01636846",2018-08-19,4.56,338,39.3376111,-77.6264722,4.55
"689","01636846",2018-08-20,4.3,336,39.3376111,-77.6264722,4.55
"690","01636846",2018-08-21,32.2,298,39.3376111,-77.6264722,4.55
"691","01636846",2018-08-22,11.2,247,39.3376111,-77.6264722,4.55
"692","01636846",2018-08-23,5.22,315,39.3376111,-77.6264722,4.55
"693","01636846",2018-08-24,4.49,330,39.3376111,-77.6264722,4.55
"694","01636846",2018-08-25,4.11,332,39.3376111,-77.6264722,4.55
"695","01636846",2018-08-26,3.94,331,39.3376111,-77.6264722,4.55
"696","01636846",2018-08-27,3.81,331,39.3376111,-77.6264722,4.55
"697","01636846",2018-08-28,3.64,334,39.3376111,-77.6264722,4.55
"698","01636846",2018-08-29,3.51,336,39.3376111,-77.6264722,4.55
"699","01636846",2018-08-30,3.4,336,39.3376111,-77.6264722,4.55
"700","01636846",2018-08-31,3.48,333,39.3376111,-77.6264722,4.55
"701","01636846",2018-09-01,5.01,331,39.3376111,-77.6264722,4.55
"702","01636846",2018-09-02,3.96,324,39.3376111,-77.6264722,4.55
"703","01636846",2018-09-03,3.33,334,39.3376111,-77.6264722,4.55
"704","01636846",2018-09-04,3.29,338,39.3376111,-77.6264722,4.55
"705","01636846",2018-09-05,3.15,338,39.3376111,-77.6264722,4.55
"706","01636846",2018-09-06,3.03,340,39.3376111,-77.6264722,4.55
"707","01636846",2018-09-07,3.4,338,39.3376111,-77.6264722,4.55
"708","01636846",2018-09-08,7.18,305,39.3376111,-77.6264722,4.55
"709","01636846",2018-09-09,133,160,39.3376111,-77.6264722,4.55
"710","01636846",2018-09-10,37.6,204,39.3376111,-77.6264722,4.55
"711","01636846",2018-09-11,15.9,275,39.3376111,-77.6264722,4.55
"712","01636846",2018-09-12,15.2,270,39.3376111,-77.6264722,4.55
"713","01636846",2018-09-13,10.7,295,39.3376111,-77.6264722,4.55
"714","01636846",2018-09-14,8.94,292,39.3376111,-77.6264722,4.55
"715","01636846",2018-09-15,7.4,305,39.3376111,-77.6264722,4.55
"716","01636846",2018-09-16,6.38,310,39.3376111,-77.6264722,4.55
"717","01636846",2018-09-17,41.4,274,39.3376111,-77.6264722,4.55
"718","01636846",2018-09-18,16.2,235,39.3376111,-77.6264722,4.55
"719","01636846",2018-09-19,8.9,280,39.3376111,-77.6264722,4.55
"720","01636846",2018-09-20,7.45,296,39.3376111,-77.6264722,4.55
"721","01636846",2018-09-21,7.06,304,39.3376111,-77.6264722,4.55
"722","01636846",2018-09-22,6.86,310,39.3376111,-77.6264722,4.55
"723","01636846",2018-09-23,20.3,289,39.3376111,-77.6264722,4.55
"724","01636846",2018-09-24,21.6,258,39.3376111,-77.6264722,4.55
"725","01636846",2018-09-25,32,244,39.3376111,-77.6264722,4.55
"726","01636846",2018-09-26,39.2,256,39.3376111,-77.6264722,4.55
"727","01636846",2018-09-27,102,236,39.3376111,-77.6264722,4.55
"728","01636846",2018-09-28,69.7,207,39.3376111,-77.6264722,4.55
"729","01636846",2018-09-29,20.7,263,39.3376111,-77.6264722,4.55
"730","01636846",2018-09-30,15.4,280,39.3376111,-77.6264722,4.55
"731","01636846",2018-10-01,12.5,285,39.3376111,-77.6264722,4.55
"732","01636846",2018-10-02,11.3,287,39.3376111,-77.6264722,4.55
"733","01636846",2018-10-03,10,287,39.3376111,-77.6264722,4.55
"734","01636846",2018-10-04,8.66,289,39.3376111,-77.6264722,4.55
"735","01636846",2018-10-05,8.41,292,39.3376111,-77.6264722,4.55
"736","01636846",2018-10-06,8.3,291,39.3376111,-77.6264722,4.55
"737","01636846",2018-10-07,7.41,289,39.3376111,-77.6264722,4.55
"738","01636846",2018-10-08,6.96,289,39.3376111,-77.6264722,4.55
"739","01636846",2018-10-09,6.6,290,39.3376111,-77.6264722,4.55
"740","01636846",2018-10-10,6.38,292,39.3376111,-77.6264722,4.55
"741","01636846",2018-10-11,8.07,296,39.3376111,-77.6264722,4.55
"742","01636846",2018-10-12,6.55,310,39.3376111,-77.6264722,4.55
"743","01636846",2018-10-13,6.04,296,39.3376111,-77.6264722,4.55
"744","01636846",2018-10-14,5.77,293,39.3376111,-77.6264722,4.55
"745","01636846",2018-10-15,6.19,290,39.3376111,-77.6264722,4.55
"746","01636846",2018-10-16,5.7,294,39.3376111,-77.6264722,4.55
"747","01636846",2018-10-17,5.34,294,39.3376111,-77.6264722,4.55
"748","01636846",2018-10-18,5,295,39.3376111,-77.6264722,4.55
"749","01636846",2018-10-19,5.06,292,39.3376111,-77.6264722,4.55
"750","01636846",2018-10-20,5.32,290,39.3376111,-77.6264722,4.55
"751","01636846",2018-10-21,4.96,293,39.3376111,-77.6264722,4.55
"752","01636846",2018-10-22,4.63,294,39.3376111,-77.6264722,4.55
"753","01636846",2018-10-23,4.53,291,39.3376111,-77.6264722,4.55
"754","01636846",2018-10-24,4.38,294,39.3376111,-77.6264722,4.55
"755","01636846",2018-10-25,4.37,293,39.3376111,-77.6264722,4.55
"756","01636846",2018-10-26,5.24,292,39.3376111,-77.6264722,4.55
"757","01636846",2018-10-27,17.9,269,39.3376111,-77.6264722,4.55
"758","01636846",2018-10-28,6.22,287,39.3376111,-77.6264722,4.55
"759","01636846",2018-10-29,5.1,300,39.3376111,-77.6264722,4.55
"760","01636846",2018-10-30,4.65,303,39.3376111,-77.6264722,4.55
"761","01636846",2018-10-31,4.53,303,39.3376111,-77.6264722,4.55
"762","01636846",2018-11-01,4.47,301,39.3376111,-77.6264722,4.55
"763","01636846",2018-11-02,34.3,279,39.3376111,-77.6264722,4.55
"764","01636846",2018-11-03,11.7,265,39.3376111,-77.6264722,4.55
"765","01636846",2018-11-04,5.98,297,39.3376111,-77.6264722,4.55
"766","01636846",2018-11-05,47.7,230,39.3376111,-77.6264722,4.55
"767","01636846",2018-11-06,51.2,222,39.3376111,-77.6264722,4.55
"768","01636846",2018-11-07,12.9,269,39.3376111,-77.6264722,4.55
"769","01636846",2018-11-08,9.1,291,39.3376111,-77.6264722,4.55
"770","01636846",2018-11-09,22.1,259,39.3376111,-77.6264722,4.55
"771","01636846",2018-11-10,11.5,265,39.3376111,-77.6264722,4.55
"772","01636846",2018-11-11,8.41,291,39.3376111,-77.6264722,4.55
"773","01636846",2018-11-12,9.1,292,39.3376111,-77.6264722,4.55
"774","01636846",2018-11-13,31,219,39.3376111,-77.6264722,4.55
"775","01636846",2018-11-14,10.2,274,39.3376111,-77.6264722,4.55
"776","01636846",2018-11-15,15.6,322,39.3376111,-77.6264722,4.55
"777","01636846",2018-11-16,47.7,231,39.3376111,-77.6264722,4.55
"778","01636846",2018-11-17,21.5,246,39.3376111,-77.6264722,4.55
"779","01636846",2018-11-18,14.5,271,39.3376111,-77.6264722,4.55
"780","01636846",2018-11-19,12.3,277,39.3376111,-77.6264722,4.55
"781","01636846",2018-11-20,10.7,277,39.3376111,-77.6264722,4.55
"782","01636846",2018-11-21,9.27,276,39.3376111,-77.6264722,4.55
"783","01636846",2018-11-22,8.24,276,39.3376111,-77.6264722,4.55
"784","01636846",2018-11-23,7.75,276,39.3376111,-77.6264722,4.55
"785","01636846",2018-11-24,67.9,232,39.3376111,-77.6264722,4.55
"786","01636846",2018-11-25,16.9,235,39.3376111,-77.6264722,4.55
"787","01636846",2018-11-26,14.4,256,39.3376111,-77.6264722,4.55
"788","01636846",2018-11-27,10.7,265,39.3376111,-77.6264722,4.55
"789","01636846",2018-11-28,8.61,274,39.3376111,-77.6264722,4.55
"790","01636846",2018-11-29,7.69,280,39.3376111,-77.6264722,4.55
"791","01636846",2018-11-30,7.75,276,39.3376111,-77.6264722,4.55
"792","01636846",2018-12-01,9.35,274,39.3376111,-77.6264722,4.55
"793","01636846",2018-12-02,12.1,266,39.3376111,-77.6264722,4.55
"794","01636846",2018-12-03,8.41,271,39.3376111,-77.6264722,4.55
"795","01636846",2018-12-04,7.43,273,39.3376111,-77.6264722,4.55
"796","01636846",2018-12-05,7.06,272,39.3376111,-77.6264722,4.55
"797","01636846",2018-12-06,6.78,273,39.3376111,-77.6264722,4.55
"798","01636846",2018-12-07,6.53,277,39.3376111,-77.6264722,4.55
"799","01636846",2018-12-08,6.26,274,39.3376111,-77.6264722,4.55
"800","01636846",2018-12-09,6.23,272,39.3376111,-77.6264722,4.55
"801","01636846",2018-12-10,6.02,272,39.3376111,-77.6264722,4.55
"802","01636846",2018-12-11,5.86,271,39.3376111,-77.6264722,4.55
"803","01636846",2018-12-12,5.91,270,39.3376111,-77.6264722,4.55
"804","01636846",2018-12-13,5.81,269,39.3376111,-77.6264722,4.55
"805","01636846",2018-12-14,5.97,271,39.3376111,-77.6264722,4.55
"806","01636846",2018-12-15,112,212,39.3376111,-77.6264722,4.55
"807","01636846",2018-12-16,60.7,192,39.3376111,-77.6264722,4.55
"808","01636846",2018-12-17,17.6,238,39.3376111,-77.6264722,4.55
"809","01636846",2018-12-18,13.4,244,39.3376111,-77.6264722,4.55
"810","01636846",2018-12-19,11.6,247,39.3376111,-77.6264722,4.55
"811","01636846",2018-12-20,12.6,251,39.3376111,-77.6264722,4.55
"812","01636846",2018-12-21,33.5,200,39.3376111,-77.6264722,4.55
"813","01636846",2018-12-22,15.9,236,39.3376111,-77.6264722,4.55
"814","01636846",2018-12-23,11.8,247,39.3376111,-77.6264722,4.55
"815","01636846",2018-12-24,10.8,250,39.3376111,-77.6264722,4.55
"816","01636846",2018-12-25,9.55,251,39.3376111,-77.6264722,4.55
"817","01636846",2018-12-26,8.83,252,39.3376111,-77.6264722,4.55
"818","01636846",2018-12-27,8.35,253,39.3376111,-77.6264722,4.55
"819","01636846",2018-12-28,49.9,182,39.3376111,-77.6264722,4.55
"820","01636846",2018-12-29,14.6,232,39.3376111,-77.6264722,4.55
"821","01636846",2018-12-30,11.9,244,39.3376111,-77.6264722,4.55
"822","01636846",2018-12-31,30.7,210,39.3376111,-77.6264722,4.55
"823","01636846",2019-01-01,18.2,218,39.3376111,-77.6264722,4.55
"824","01636846",2019-01-02,12.8,244,39.3376111,-77.6264722,4.55
"825","01636846",2019-01-03,11.6,247,39.3376111,-77.6264722,4.55
"826","01636846",2019-01-04,10.6,248,39.3376111,-77.6264722,4.55
"827","01636846",2019-01-05,14,240,39.3376111,-77.6264722,4.55
"828","01636846",2019-01-06,9.87,246,39.3376111,-77.6264722,4.55
"829","01636846",2019-01-07,8.9,249,39.3376111,-77.6264722,4.55
"830","01636846",2019-01-08,9.54,251,39.3376111,-77.6264722,4.55
"831","01636846",2019-01-09,8.85,254,39.3376111,-77.6264722,4.55
"832","01636846",2019-01-10,7.37,259,39.3376111,-77.6264722,4.55
"833","01636846",2019-01-11,6.74,262,39.3376111,-77.6264722,4.55
"834","01636846",2019-01-12,6.79,258,39.3376111,-77.6264722,4.55
"835","01636846",2019-01-13,7.42,280,39.3376111,-77.6264722,4.55
"836","01636846",2019-01-14,7.34,345,39.3376111,-77.6264722,4.55
"837","01636846",2019-01-15,7.18,306,39.3376111,-77.6264722,4.55
"838","01636846",2019-01-16,7.02,281,39.3376111,-77.6264722,4.55
"839","01636846",2019-01-17,7.05,275,39.3376111,-77.6264722,4.55
"840","01636846",2019-01-18,8.01,322,39.3376111,-77.6264722,4.55
"841","01636846",2019-01-19,16.2,365,39.3376111,-77.6264722,4.55
"842","01636846",2019-01-20,55,232,39.3376111,-77.6264722,4.55
"843","01636846",2019-01-21,12.9,303,39.3376111,-77.6264722,4.55
"844","01636846",2019-01-22,9.65,286,39.3376111,-77.6264722,4.55
"845","01636846",2019-01-23,12.4,270,39.3376111,-77.6264722,4.55
"846","01636846",2019-01-24,59,211,39.3376111,-77.6264722,4.55
"847","01636846",2019-01-25,17.3,245,39.3376111,-77.6264722,4.55
"848","01636846",2019-01-26,13.1,253,39.3376111,-77.6264722,4.55
"849","01636846",2019-01-27,11.4,258,39.3376111,-77.6264722,4.55
"850","01636846",2019-01-28,9.72,262,39.3376111,-77.6264722,4.55
"851","01636846",2019-01-29,8.97,270,39.3376111,-77.6264722,4.55
"852","01636846",2019-01-30,7.48,279,39.3376111,-77.6264722,4.55
"853","01636846",2019-01-31,8.93,280,39.3376111,-77.6264722,4.55
"854","01636846",2019-02-01,8.62,284,39.3376111,-77.6264722,4.55
"855","01636846",2019-02-02,7.61,275,39.3376111,-77.6264722,4.55
"856","01636846",2019-02-03,7.56,272,39.3376111,-77.6264722,4.55
"857","01636846",2019-02-04,8.61,271,39.3376111,-77.6264722,4.55
"858","01636846",2019-02-05,9.08,266,39.3376111,-77.6264722,4.55
"859","01636846",2019-02-06,8.44,279,39.3376111,-77.6264722,4.55
"860","01636846",2019-02-07,8.62,304,39.3376111,-77.6264722,4.55
"861","01636846",2019-02-08,8.06,297,39.3376111,-77.6264722,4.55
"862","01636846",2019-02-09,6.21,288,39.3376111,-77.6264722,4.55
"863","01636846",2019-02-10,6.07,282,39.3376111,-77.6264722,4.55
"864","01636846",2019-02-11,10.5,507,39.3376111,-77.6264722,4.55
"865","01636846",2019-02-12,52.2,432,39.3376111,-77.6264722,4.55
"866","01636846",2019-02-13,22.4,289,39.3376111,-77.6264722,4.55
"867","01636846",2019-02-14,14,304,39.3376111,-77.6264722,4.55
"868","01636846",2019-02-15,11.8,302,39.3376111,-77.6264722,4.55
"869","01636846",2019-02-16,10,300,39.3376111,-77.6264722,4.55
"870","01636846",2019-02-17,9.48,300,39.3376111,-77.6264722,4.55
"871","01636846",2019-02-18,10.1,309,39.3376111,-77.6264722,4.55
"872","01636846",2019-02-19,8.15,296,39.3376111,-77.6264722,4.55
"873","01636846",2019-02-20,8.63,302,39.3376111,-77.6264722,4.55
"874","01636846",2019-02-21,19.9,445,39.3376111,-77.6264722,4.55
"875","01636846",2019-02-22,14.2,298,39.3376111,-77.6264722,4.55
"876","01636846",2019-02-23,9.99,309,39.3376111,-77.6264722,4.55
"877","01636846",2019-02-24,29,278,39.3376111,-77.6264722,4.55
"878","01636846",2019-02-25,10.9,302,39.3376111,-77.6264722,4.55
"879","01636846",2019-02-26,9.43,298,39.3376111,-77.6264722,4.55
"880","01636846",2019-02-27,8.66,294,39.3376111,-77.6264722,4.55
"881","01636846",2019-02-28,7.99,291,39.3376111,-77.6264722,4.55
"882","01636846",2019-03-01,8.76,353,39.3376111,-77.6264722,4.55
"883","01636846",2019-03-02,12.3,378,39.3376111,-77.6264722,4.55
"884","01636846",2019-03-03,9.65,345,39.3376111,-77.6264722,4.55
"885","01636846",2019-03-04,13.3,438,39.3376111,-77.6264722,4.55
"886","01636846",2019-03-05,9.03,329,39.3376111,-77.6264722,4.55
"887","01636846",2019-03-06,7.6,317,39.3376111,-77.6264722,4.55
"888","01636846",2019-03-07,7.3,309,39.3376111,-77.6264722,4.55
"889","01636846",2019-03-08,7.13,308,39.3376111,-77.6264722,4.55
"890","01636846",2019-03-09,7.61,307,39.3376111,-77.6264722,4.55
"891","01636846",2019-03-10,21,323,39.3376111,-77.6264722,4.55
"892","01636846",2019-03-11,9.08,309,39.3376111,-77.6264722,4.55
"893","01636846",2019-03-12,7.77,300,39.3376111,-77.6264722,4.55
"894","01636846",2019-03-13,7.35,297,39.3376111,-77.6264722,4.55
"895","01636846",2019-03-14,7.03,294,39.3376111,-77.6264722,4.55
"896","01636846",2019-03-15,6.9,292,39.3376111,-77.6264722,4.55
"897","01636846",2019-03-16,6.07,290,39.3376111,-77.6264722,4.55
"898","01636846",2019-03-17,5.76,287,39.3376111,-77.6264722,4.55
"899","01636846",2019-03-18,5.66,286,39.3376111,-77.6264722,4.55
"900","01636846",2019-03-19,5.67,295,39.3376111,-77.6264722,4.55
"901","01636846",2019-03-20,5.35,287,39.3376111,-77.6264722,4.55
"902","01636846",2019-03-21,144,241,39.3376111,-77.6264722,4.55
"903","01636846",2019-03-22,29.8,227,39.3376111,-77.6264722,4.55
"904","01636846",2019-03-23,15.2,256,39.3376111,-77.6264722,4.55
"905","01636846",2019-03-24,11.8,263,39.3376111,-77.6264722,4.55
"906","01636846",2019-03-25,10.4,269,39.3376111,-77.6264722,4.55
"907","01636846",2019-03-26,8.87,272,39.3376111,-77.6264722,4.55
"908","01636846",2019-03-27,7.74,273,39.3376111,-77.6264722,4.55
"909","01636846",2019-03-28,7.22,273,39.3376111,-77.6264722,4.55
"910","01636846",2019-03-29,7.1,273,39.3376111,-77.6264722,4.55
"911","01636846",2019-03-30,6.81,273,39.3376111,-77.6264722,4.55
"912","01636846",2019-03-31,6.41,273,39.3376111,-77.6264722,4.55
"913","01636846",2019-04-01,5.71,272,39.3376111,-77.6264722,4.55
"914","01636846",2019-04-02,5.71,270,39.3376111,-77.6264722,4.55
"915","01636846",2019-04-03,5.49,268,39.3376111,-77.6264722,4.55
"916","01636846",2019-04-04,5.29,268,39.3376111,-77.6264722,4.55
"917","01636846",2019-04-05,6.06,275,39.3376111,-77.6264722,4.55
"918","01636846",2019-04-06,5.73,270,39.3376111,-77.6264722,4.55
"919","01636846",2019-04-07,5.47,270,39.3376111,-77.6264722,4.55
"920","01636846",2019-04-08,5.68,276,39.3376111,-77.6264722,4.55
"921","01636846",2019-04-09,5.19,272,39.3376111,-77.6264722,4.55
"922","01636846",2019-04-10,4.71,274,39.3376111,-77.6264722,4.55
"923","01636846",2019-04-11,4.54,274,39.3376111,-77.6264722,4.55
"924","01636846",2019-04-12,10.9,273,39.3376111,-77.6264722,4.55
"925","01636846",2019-04-13,29.8,252,39.3376111,-77.6264722,4.55
"926","01636846",2019-04-14,44.1,246,39.3376111,-77.6264722,4.55
"927","01636846",2019-04-15,38.2,,39.3376111,-77.6264722,4.55
"928","01636846",2019-04-16,11,,39.3376111,-77.6264722,4.55
"929","01636846",2019-04-17,8.89,271,39.3376111,-77.6264722,4.55
"930","01636846",2019-04-18,7.68,274,39.3376111,-77.6264722,4.55
"931","01636846",2019-04-19,13.8,263,39.3376111,-77.6264722,4.55
"932","01636846",2019-04-20,10.5,264,39.3376111,-77.6264722,4.55
"933","01636846",2019-04-21,7.3,270,39.3376111,-77.6264722,4.55
"934","01636846",2019-04-22,6.43,271,39.3376111,-77.6264722,4.55
"935","01636846",2019-04-23,5.96,273,39.3376111,-77.6264722,4.55
"936","01636846",2019-04-24,5.46,276,39.3376111,-77.6264722,4.55
"937","01636846",2019-04-25,5.38,275,39.3376111,-77.6264722,4.55
"938","01636846",2019-04-26,6.37,275,39.3376111,-77.6264722,4.55
"939","01636846",2019-04-27,5.13,273,39.3376111,-77.6264722,4.55
"940","01636846",2019-04-28,5.16,271,39.3376111,-77.6264722,4.55
"941","01636846",2019-04-29,4.64,273,39.3376111,-77.6264722,4.55
"942","01636846",2019-04-30,4.73,273,39.3376111,-77.6264722,4.55
"943","01636846",2019-05-01,4.71,274,39.3376111,-77.6264722,4.55
"944","01636846",2019-05-02,4.6,275,39.3376111,-77.6264722,4.55
"945","01636846",2019-05-03,16.3,264,39.3376111,-77.6264722,4.55
"946","01636846",2019-05-04,12.4,294,39.3376111,-77.6264722,4.55
"947","01636846",2019-05-05,131,216,39.3376111,-77.6264722,4.55
"948","01636846",2019-05-06,20.8,238,39.3376111,-77.6264722,4.55
"949","01636846",2019-05-07,13,256,39.3376111,-77.6264722,4.55
"950","01636846",2019-05-08,9.82,269,39.3376111,-77.6264722,4.55
"951","01636846",2019-05-09,8.48,273,39.3376111,-77.6264722,4.55
"952","01636846",2019-05-10,44.6,237,39.3376111,-77.6264722,4.55
"953","01636846",2019-05-11,15,262,39.3376111,-77.6264722,4.55
"954","01636846",2019-05-12,48.7,236,39.3376111,-77.6264722,4.55
"955","01636846",2019-05-13,45.5,224,39.3376111,-77.6264722,4.55
"956","01636846",2019-05-14,17.3,252,39.3376111,-77.6264722,4.55
"957","01636846",2019-05-15,12.6,261,39.3376111,-77.6264722,4.55
"958","01636846",2019-05-16,10.3,265,39.3376111,-77.6264722,4.55
"959","01636846",2019-05-17,9.13,269,39.3376111,-77.6264722,4.55
"960","01636846",2019-05-18,8.21,270,39.3376111,-77.6264722,4.55
"961","01636846",2019-05-19,7.49,271,39.3376111,-77.6264722,4.55
"962","01636846",2019-05-20,6.8,270,39.3376111,-77.6264722,4.55
"963","01636846",2019-05-21,6.01,272,39.3376111,-77.6264722,4.55
"964","01636846",2019-05-22,5.73,271,39.3376111,-77.6264722,4.55
"965","01636846",2019-05-23,7.66,269,39.3376111,-77.6264722,4.55
"966","01636846",2019-05-24,11.5,270,39.3376111,-77.6264722,4.55
"967","01636846",2019-05-25,5.88,280,39.3376111,-77.6264722,4.55
"968","01636846",2019-05-26,5.65,281,39.3376111,-77.6264722,4.55
"969","01636846",2019-05-27,5.25,282,39.3376111,-77.6264722,4.55
"970","01636846",2019-05-28,,282,39.3376111,-77.6264722,4.55
"971","01636846",2019-05-29,4.63,281,39.3376111,-77.6264722,4.55
"972","01636846",2019-05-30,4.62,281,39.3376111,-77.6264722,4.55
"973","01636846",2019-05-31,4.39,280,39.3376111,-77.6264722,4.55
"974","01636846",2019-06-01,4.13,280,39.3376111,-77.6264722,4.55
